chip_filename,lat,lon,salar,ssi_delta,gaia_prob,severidad
-23.4157_-68.0705.npy,-23.415742,-68.070466,salar_atacama,0.1536,0.0928,media
-23.4533_-68.0576.npy,-23.453343,-68.057586,salar_atacama,0.1597,0.1201,media
-23.4529_-68.0539.npy,-23.452932,-68.053889,salar_atacama,0.1451,0.1167,media
-23.3037_-68.0890.npy,-23.303733,-68.08898,salar_atacama,0.1919,0.1589,media
-23.2958_-68.0901.npy,-23.295791,-68.090075,salar_atacama,0.1753,0.1961,media
-23.2312_-68.1048.npy,-23.231196,-68.104827,salar_atacama,0.1509,0.1411,media
-23.2999_-68.0912.npy,-23.299922,-68.091186,salar_atacama,0.1844,0.1857,media
-23.2984_-68.0894.npy,-23.298444,-68.089369,salar_atacama,0.2063,0.194,alta
-23.2456_-68.1179.npy,-23.245619,-68.117868,salar_atacama,0.1703,0.1945,media
-23.2336_-68.1160.npy,-23.233569,-68.115964,salar_atacama,0.1655,0.1881,media
-23.2326_-68.1090.npy,-23.232611,-68.109026,salar_atacama,0.1555,0.1635,media
-23.2325_-68.1183.npy,-23.232474,-68.118337,salar_atacama,0.1482,0.201,media
-23.2462_-68.1208.npy,-23.246167,-68.120802,salar_atacama,0.1699,0.1775,media
-23.2361_-68.1228.npy,-23.236125,-68.122811,salar_atacama,0.1398,0.2173,media
-23.2336_-68.1194.npy,-23.233569,-68.119433,salar_atacama,0.1742,0.219,media
-23.2396_-68.1211.npy,-23.239594,-68.121076,salar_atacama,0.1563,0.2165,media
-23.2369_-68.1185.npy,-23.236856,-68.11852,salar_atacama,0.139,0.1872,media
-23.2421_-68.1261.npy,-23.242059,-68.126142,salar_atacama,0.1558,0.189,media
-23.2446_-68.1279.npy,-23.244633,-68.127868,salar_atacama,0.148,0.1766,media
-23.2334_-68.1273.npy,-23.233432,-68.127306,salar_atacama,0.1514,0.1889,media
-23.2396_-68.1284.npy,-23.23964,-68.128379,salar_atacama,0.1443,0.2271,media
-23.2436_-68.1304.npy,-23.243611,-68.130387,salar_atacama,0.1474,0.1977,media
-23.2680_-68.1306.npy,-23.267966,-68.130606,salar_atacama,0.1719,0.2428,media
-23.2671_-68.1333.npy,-23.267117,-68.133263,salar_atacama,0.1359,0.2254,media
-23.2350_-68.1325.npy,-23.235002,-68.132536,salar_atacama,0.1843,0.1988,media
-23.2698_-68.1337.npy,-23.269829,-68.133674,salar_atacama,0.1552,0.2075,media
-23.2364_-68.1386.npy,-23.23644,-68.138589,salar_atacama,0.1842,0.2291,media
-23.2433_-68.1385.npy,-23.243309,-68.138532,salar_atacama,0.1836,0.2481,media
-23.3191_-68.1367.npy,-23.319124,-68.136741,salar_atacama,0.1667,0.1619,media
-23.3142_-68.1391.npy,-23.314221,-68.139134,salar_atacama,0.1845,0.1853,media
-23.3632_-68.1563.npy,-23.363243,-68.156267,salar_atacama,0.2097,0.7626,alta
-23.4662_-68.3071.npy,-23.466169,-68.307058,salar_atacama,0.3095,0.1548,alta
-23.6298_-68.2924.npy,-23.629847,-68.292422,salar_atacama,0.2391,0.179,alta
-23.6256_-68.2945.npy,-23.625556,-68.294522,salar_atacama,0.177,0.2226,media
-23.6229_-68.3121.npy,-23.622863,-68.312094,salar_atacama,0.122,0.3724,media
-23.4650_-68.3092.npy,-23.464982,-68.309219,salar_atacama,0.1589,0.1614,media
-23.4769_-68.3138.npy,-23.476901,-68.313815,salar_atacama,0.3489,0.1711,alta
-23.4622_-68.3150.npy,-23.462243,-68.31497,salar_atacama,0.1463,0.1951,media
-23.4951_-68.3128.npy,-23.495107,-68.312779,salar_atacama,0.199,0.1115,media
-23.4795_-68.3169.npy,-23.479497,-68.316887,salar_atacama,0.2567,0.3279,alta
-23.4645_-68.3173.npy,-23.464526,-68.317252,salar_atacama,0.1794,0.301,media
-23.4674_-68.3172.npy,-23.467447,-68.317161,salar_atacama,0.1818,0.7671,alta
-23.5023_-68.3172.npy,-23.502319,-68.317161,salar_atacama,0.121,0.1203,media
-23.4778_-68.3179.npy,-23.477793,-68.317891,salar_atacama,0.1668,0.2987,media
-23.4800_-68.3245.npy,-23.479995,-68.32453,salar_atacama,0.2031,0.256,alta
-23.5018_-68.3212.npy,-23.501771,-68.321177,salar_atacama,0.2507,0.1484,alta
-23.4963_-68.3435.npy,-23.49632,-68.34353,salar_atacama,0.2037,0.1407,alta
-23.4987_-68.3269.npy,-23.498745,-68.326863,salar_atacama,0.1703,0.7214,alta
-23.6298_-68.3272.npy,-23.629755,-68.327202,salar_atacama,0.1557,0.4628,media
-23.1569_-68.3436.npy,-23.156888,-68.343634,salar_atacama,0.1428,0.1194,media
-23.4852_-68.3376.npy,-23.485157,-68.337609,salar_atacama,0.1069,0.6768,baja
-23.1550_-68.3450.npy,-23.155026,-68.344985,salar_atacama,0.1395,0.1196,media
-23.5459_-68.3498.npy,-23.545862,-68.34975,salar_atacama,0.2447,0.6577,alta
-23.4588_-68.3540.npy,-23.458775,-68.354041,salar_atacama,0.2198,0.5026,alta
-23.1600_-68.3537.npy,-23.159992,-68.353676,salar_atacama,0.1478,0.0958,media
-23.5524_-68.3544.npy,-23.552375,-68.354394,salar_atacama,0.287,0.5355,alta
-23.6246_-68.3550.npy,-23.624643,-68.354954,salar_atacama,0.1417,0.1244,media
-23.6212_-68.3551.npy,-23.621174,-68.355136,salar_atacama,0.205,0.3784,alta
-23.5239_-68.3555.npy,-23.523862,-68.355501,salar_atacama,0.2511,0.0987,alta
-23.4535_-68.3561.npy,-23.453455,-68.356099,salar_atacama,0.1745,0.1518,media
-23.5339_-68.3563.npy,-23.533858,-68.356323,salar_atacama,0.1895,0.1303,media
-23.4562_-68.3585.npy,-23.456219,-68.358514,salar_atacama,0.236,0.1564,alta
-23.4574_-68.3614.npy,-23.45735,-68.361362,salar_atacama,0.2061,0.1547,alta
-23.5162_-68.3657.npy,-23.516211,-68.365684,salar_atacama,0.2591,0.1608,alta
-23.2754_-68.3622.npy,-23.275415,-68.362184,salar_atacama,0.154,0.0753,media
-23.5247_-68.3670.npy,-23.524681,-68.367003,salar_atacama,0.4353,0.2387,alta
-23.5683_-68.3618.npy,-23.568327,-68.361825,salar_atacama,0.1648,0.1492,media
-23.5466_-68.3666.npy,-23.546557,-68.366575,salar_atacama,0.1989,0.5524,media
-23.4724_-68.3621.npy,-23.472376,-68.362074,salar_atacama,0.1668,0.4653,media
-23.5426_-68.3626.npy,-23.542622,-68.362553,salar_atacama,0.2482,0.7963,alta
-23.5300_-68.3670.npy,-23.530004,-68.366967,salar_atacama,0.2917,0.2454,alta
-23.4621_-68.3719.npy,-23.462091,-68.371883,salar_atacama,0.2302,0.1452,alta
-23.4567_-68.3641.npy,-23.456667,-68.364066,salar_atacama,0.2218,0.1546,alta
-23.5668_-68.3663.npy,-23.56681,-68.366262,salar_atacama,0.1665,0.3045,media
-23.4716_-68.3694.npy,-23.471628,-68.369413,salar_atacama,0.166,0.4727,media
-23.5688_-68.3674.npy,-23.568776,-68.367414,salar_atacama,0.1458,0.2903,media
-23.5706_-68.3707.npy,-23.570604,-68.370706,salar_atacama,0.2148,0.2553,alta
-23.1591_-68.3721.npy,-23.159121,-68.372102,salar_atacama,0.1549,0.0959,media
-23.2317_-68.3755.npy,-23.231744,-68.375493,salar_atacama,0.146,0.0642,media
-23.4863_-68.3719.npy,-23.486343,-68.371933,salar_atacama,0.1489,0.3056,media
-23.5581_-68.3770.npy,-23.558081,-68.377035,salar_atacama,0.185,0.2667,media
-23.5178_-68.3788.npy,-23.517837,-68.37878,salar_atacama,0.2025,0.0794,alta
-23.5588_-68.3821.npy,-23.558849,-68.382061,salar_atacama,0.2702,0.4343,alta
-23.5620_-68.3854.npy,-23.562034,-68.385373,salar_atacama,0.187,0.7283,alta
-23.5721_-68.3860.npy,-23.572062,-68.386017,salar_atacama,0.1846,0.1015,media
-23.5158_-68.3882.npy,-23.515829,-68.388182,salar_atacama,0.1867,0.1286,media
-23.5253_-68.3915.npy,-23.525323,-68.391468,salar_atacama,0.1574,0.8457,alta
-23.5186_-68.3939.npy,-23.518568,-68.393933,salar_atacama,0.1756,0.1979,media
-23.5544_-68.3935.npy,-23.554352,-68.393477,salar_atacama,0.2439,0.834,alta
-23.5543_-68.3958.npy,-23.554261,-68.395759,salar_atacama,0.2738,0.8635,alta
-23.5227_-68.3932.npy,-23.522657,-68.393185,salar_atacama,0.2527,0.8617,alta
-23.5193_-68.3971.npy,-23.519281,-68.397078,salar_atacama,0.17,0.1488,media
-23.5250_-68.3999.npy,-23.524958,-68.399867,salar_atacama,0.1828,0.6269,media
-23.5800_-68.4152.npy,-23.580004,-68.415203,salar_atacama,0.1829,0.0882,media
-23.5537_-68.4097.npy,-23.553713,-68.409726,salar_atacama,0.1949,0.5604,media
-23.5637_-68.4221.npy,-23.563736,-68.422104,salar_atacama,0.1976,0.1625,media
-23.5417_-68.4322.npy,-23.541663,-68.432182,salar_atacama,0.1391,0.5936,media
-23.5676_-68.4185.npy,-23.567571,-68.418544,salar_atacama,0.2111,0.1084,alta
-27.0549_-68.8197.npy,-27.054872,-68.819748,salar_maricunga,0.1915,0.3406,media
-27.0523_-68.8143.npy,-27.052338,-68.814332,salar_maricunga,0.2243,0.4468,alta
-27.0510_-68.8185.npy,-27.050976,-68.818546,salar_maricunga,0.2206,0.4969,alta
-27.0361_-68.8154.npy,-27.036127,-68.815351,salar_maricunga,0.1599,0.1203,media
-27.0395_-68.8206.npy,-27.039519,-68.820626,salar_maricunga,0.1688,0.2053,media
-27.0372_-68.8249.npy,-27.037198,-68.824944,salar_maricunga,0.1526,0.1376,media
-27.0309_-68.8280.npy,-27.030905,-68.828035,salar_maricunga,0.1847,0.1266,media
-27.0942_-68.8297.npy,-27.09424,-68.829678,salar_maricunga,0.1765,0.2468,media
-27.0327_-68.8298.npy,-27.03274,-68.829794,salar_maricunga,0.1581,0.1107,media
-27.0282_-68.8290.npy,-27.028183,-68.829002,salar_maricunga,0.1789,0.1313,media
-27.0387_-68.8324.npy,-27.038726,-68.832383,salar_maricunga,0.2127,0.1091,alta
-27.0443_-68.8322.npy,-27.044328,-68.832197,salar_maricunga,0.1836,0.1644,media
-27.0346_-68.8315.npy,-27.034649,-68.831476,salar_maricunga,0.1849,0.0901,media
-27.0931_-68.8349.npy,-27.093096,-68.834925,salar_maricunga,0.2003,0.1881,alta
-27.0398_-68.8357.npy,-27.039819,-68.835683,salar_maricunga,0.1873,0.1323,media
-26.9226_-68.8373.npy,-26.922565,-68.837328,salar_maricunga,0.1567,0.1433,media
-27.0318_-68.8331.npy,-27.031832,-68.833064,salar_maricunga,0.2185,0.0994,alta
-26.9267_-68.8372.npy,-26.92673,-68.837163,salar_maricunga,0.1538,0.1059,media
-26.9278_-68.8408.npy,-26.92779,-68.84081,salar_maricunga,0.1812,0.1459,media
-27.0412_-68.8383.npy,-27.041228,-68.838281,salar_maricunga,0.1582,0.1338,media
-26.9334_-68.8417.npy,-26.933365,-68.84172,salar_maricunga,0.1552,0.1356,media
-26.9297_-68.8425.npy,-26.929652,-68.842481,salar_maricunga,0.2142,0.1484,alta
-27.0432_-68.8659.npy,-27.043237,-68.86589,salar_maricunga,0.1624,0.0853,media
-26.9641_-68.8673.npy,-26.964054,-68.867294,salar_maricunga,0.231,0.0895,alta
-27.0527_-68.8681.npy,-27.052728,-68.868097,salar_maricunga,0.2032,0.1403,alta
-27.0928_-68.8692.npy,-27.092796,-68.869169,salar_maricunga,0.1611,0.1812,media
-27.0541_-68.8714.npy,-27.054143,-68.871392,salar_maricunga,0.179,0.1118,media
-27.0666_-68.8776.npy,-27.066585,-68.877598,salar_maricunga,0.1611,0.1325,media
-26.9568_-68.8723.npy,-26.956816,-68.872294,salar_maricunga,0.2087,0.1395,alta
-27.0936_-68.8748.npy,-27.093643,-68.874827,salar_maricunga,0.1746,0.1998,media
-26.9117_-68.8815.npy,-26.911739,-68.881458,salar_maricunga,0.186,0.277,media
-26.9902_-68.8809.npy,-26.990167,-68.880872,salar_maricunga,0.1704,0.1521,media
-27.0867_-68.8852.npy,-27.08672,-68.885176,salar_maricunga,0.1446,0.128,media
-27.0879_-68.8850.npy,-27.087864,-68.884972,salar_maricunga,0.1801,0.1504,media
-26.9912_-68.8877.npy,-26.991241,-68.887731,salar_maricunga,0.1741,0.1552,media
-27.0844_-68.8907.npy,-27.084384,-68.890663,salar_maricunga,0.1755,0.0847,media
-27.0131_-68.9006.npy,-27.013076,-68.900578,salar_maricunga,0.2266,0.1237,alta
-27.0824_-68.8940.npy,-27.082447,-68.893989,salar_maricunga,0.1547,0.0794,media
-27.0890_-68.8948.npy,-27.088993,-68.894832,salar_maricunga,0.1702,0.1329,media
-27.0874_-68.8985.npy,-27.087369,-68.898513,salar_maricunga,0.1696,0.0794,media
-27.0837_-68.9011.npy,-27.083653,-68.90106,salar_maricunga,0.1562,0.0781,media
-27.0761_-68.9003.npy,-27.07613,-68.900346,salar_maricunga,0.1648,0.0798,media
-27.0920_-68.9049.npy,-27.091957,-68.904887,salar_maricunga,0.1931,0.1303,media
-27.0721_-68.9017.npy,-27.072127,-68.901674,salar_maricunga,0.1471,0.0767,media
-27.0336_-68.9008.npy,-27.033574,-68.900828,salar_maricunga,0.1909,0.0976,media
-27.0768_-68.9029.npy,-27.076829,-68.902886,salar_maricunga,0.1374,0.0794,media
-27.0309_-68.9028.npy,-27.030883,-68.902794,salar_maricunga,0.2001,0.1506,alta
-27.0869_-68.9040.npy,-27.086875,-68.904025,salar_maricunga,0.1382,0.0763,media
-27.0840_-68.9072.npy,-27.084044,-68.907182,salar_maricunga,0.1681,0.082,media
-27.0902_-68.9062.npy,-27.09021,-68.906212,salar_maricunga,0.1729,0.0928,media
-27.0308_-68.9050.npy,-27.030835,-68.904988,salar_maricunga,0.2016,0.1647,alta
-27.0676_-68.9071.npy,-27.067646,-68.907108,salar_maricunga,0.1703,0.074,media
-27.0797_-68.9072.npy,-27.079748,-68.907217,salar_maricunga,0.1421,0.0764,media
-27.0893_-68.9103.npy,-27.089312,-68.910289,salar_maricunga,0.1726,0.0846,media
-27.0345_-68.9107.npy,-27.034542,-68.910701,salar_maricunga,0.1752,0.1696,media
-27.0600_-68.9140.npy,-27.059978,-68.914013,salar_maricunga,0.1795,0.1154,media
-27.0828_-68.9128.npy,-27.082794,-68.912759,salar_maricunga,0.1744,0.0814,media
-27.0904_-68.9147.npy,-27.090449,-68.914703,salar_maricunga,0.2012,0.1015,alta
-27.0328_-68.9294.npy,-27.03281,-68.929387,salar_maricunga,0.1831,0.0937,media
-27.0667_-68.9171.npy,-27.066739,-68.917089,salar_maricunga,0.1681,0.1398,media
-27.0390_-68.9154.npy,-27.039011,-68.915426,salar_maricunga,0.1889,0.1617,media
-26.9722_-68.9440.npy,-26.972204,-68.944046,salar_maricunga,0.1677,0.1829,media
-26.8146_-69.0017.npy,-26.814586,-69.001657,salar_maricunga,0.1734,0.0833,media
-27.0258_-68.9282.npy,-27.025847,-68.928209,salar_maricunga,0.1627,0.0932,media
-26.8024_-69.0224.npy,-26.802418,-69.022359,salar_maricunga,0.1836,0.105,media
-26.8028_-69.0303.npy,-26.802793,-69.030279,salar_maricunga,0.1627,0.1025,media
-26.9216_-69.0791.npy,-26.921631,-69.079094,salar_maricunga,0.1555,0.2275,media
-26.9366_-69.0795.npy,-26.936551,-69.079512,salar_maricunga,0.1524,0.5782,media
-26.9074_-69.0898.npy,-26.907396,-69.089841,salar_maricunga,0.179,0.0996,media
-26.8824_-69.0913.npy,-26.882439,-69.091348,salar_maricunga,0.1998,0.1476,media
-26.9321_-69.0984.npy,-26.932149,-69.098435,salar_maricunga,0.224,0.8178,alta
-26.9153_-69.1003.npy,-26.915329,-69.100309,salar_maricunga,0.169,0.3255,media
-26.9111_-69.0993.npy,-26.911109,-69.099289,salar_maricunga,0.1818,0.2056,media
-26.9490_-69.1040.npy,-26.949036,-69.104035,salar_maricunga,0.2385,0.8448,alta
-26.9690_-69.1073.npy,-26.96904,-69.107328,salar_maricunga,0.1648,0.1508,media
-26.9516_-69.1079.npy,-26.951577,-69.107892,salar_maricunga,0.1758,0.7857,alta
-26.9373_-69.1079.npy,-26.937287,-69.107875,salar_maricunga,0.1793,0.837,alta
-26.8834_-69.1092.npy,-26.88342,-69.109231,salar_maricunga,0.1626,0.1895,media
-26.9326_-69.1107.npy,-26.932597,-69.11065,salar_maricunga,0.2102,0.8178,alta
-26.9216_-69.1139.npy,-26.921563,-69.113949,salar_maricunga,0.1908,0.3683,media
-26.9344_-69.1176.npy,-26.934439,-69.11764,salar_maricunga,0.2314,0.4645,alta
-26.9672_-69.1153.npy,-26.967165,-69.115318,salar_maricunga,0.1658,0.2046,media
-26.9621_-69.1200.npy,-26.962083,-69.11998,salar_maricunga,0.2062,0.4709,alta
-26.9360_-69.1244.npy,-26.936038,-69.12444,salar_maricunga,0.1628,0.5738,media
-26.9131_-69.1265.npy,-26.913125,-69.126494,salar_maricunga,0.1668,0.2181,media
-26.9611_-69.1265.npy,-26.961086,-69.126513,salar_maricunga,0.1873,0.4094,media
-26.9217_-69.1302.npy,-26.92169,-69.130196,salar_maricunga,0.2091,0.1514,alta
-26.9510_-69.1301.npy,-26.950967,-69.130076,salar_maricunga,0.2461,0.7542,alta
-26.9544_-69.1302.npy,-26.954358,-69.130194,salar_maricunga,0.2324,0.6145,alta
-26.9603_-69.1312.npy,-26.960339,-69.131191,salar_maricunga,0.1646,0.4296,media
-26.9263_-69.1375.npy,-26.92626,-69.137522,salar_maricunga,0.2187,0.6527,alta
-26.9477_-69.1392.npy,-26.947746,-69.139151,salar_maricunga,0.2306,0.546,alta
-26.9348_-69.1396.npy,-26.934825,-69.139633,salar_maricunga,0.2898,0.804,alta
-26.9394_-69.1406.npy,-26.939443,-69.140581,salar_maricunga,0.1772,0.4045,media
-27.0457_-69.1404.npy,-27.045696,-69.14042,salar_maricunga,0.1741,0.1239,media
-27.0501_-69.1427.npy,-27.05013,-69.142689,salar_maricunga,0.1582,0.115,media
-26.9105_-69.1545.npy,-26.910492,-69.154519,salar_maricunga,0.1912,0.0866,media
-26.8929_-69.1699.npy,-26.892885,-69.16987,salar_maricunga,0.1816,0.0639,media
-27.0211_-69.1715.npy,-27.021125,-69.171487,salar_maricunga,0.1826,0.1223,media
-26.8907_-69.1727.npy,-26.890695,-69.172653,salar_maricunga,0.1745,0.0624,media
-27.0208_-69.1763.npy,-27.02082,-69.176262,salar_maricunga,0.187,0.1261,media
-26.8927_-69.1755.npy,-26.89275,-69.17548,salar_maricunga,0.1902,0.1225,media
-27.0202_-69.1786.npy,-27.020204,-69.178552,salar_maricunga,0.1711,0.124,media
-27.0021_-69.1778.npy,-27.002114,-69.177782,salar_maricunga,0.1873,0.1024,media
-26.9817_-69.1801.npy,-26.981721,-69.180125,salar_maricunga,0.1902,0.088,media
-27.0181_-69.1816.npy,-27.018087,-69.181617,salar_maricunga,0.1882,0.1304,media
-26.8369_-69.1859.npy,-26.836865,-69.185903,salar_maricunga,0.1794,0.1175,media
-27.0018_-69.1832.npy,-27.001788,-69.183223,salar_maricunga,0.1894,0.092,media
-26.9858_-69.1879.npy,-26.985791,-69.187929,salar_maricunga,0.1644,0.1175,media
-27.0021_-69.1885.npy,-27.002128,-69.188537,salar_maricunga,0.2004,0.0775,alta
-27.0100_-69.1938.npy,-27.009999,-69.19377,salar_maricunga,0.2061,0.0719,alta
-26.8279_-69.1930.npy,-26.827908,-69.192994,salar_maricunga,0.1732,0.1342,media
-26.8111_-69.1927.npy,-26.811107,-69.192658,salar_maricunga,0.1679,0.1056,media
-26.8652_-69.1931.npy,-26.865246,-69.193129,salar_maricunga,0.1845,0.2045,media
-26.8435_-69.1939.npy,-26.843474,-69.19394,salar_maricunga,0.1682,0.1088,media
-27.0394_-69.1934.npy,-27.039367,-69.193426,salar_maricunga,0.1945,0.1497,media
-26.9418_-69.1934.npy,-26.941846,-69.193367,salar_maricunga,0.1715,0.1131,media
-27.0058_-69.1944.npy,-27.005774,-69.194438,salar_maricunga,0.175,0.0704,media
-27.0328_-69.1940.npy,-27.032835,-69.194019,salar_maricunga,0.1703,0.1095,media
-26.8649_-69.1953.npy,-26.864859,-69.195257,salar_maricunga,0.1699,0.1371,media
-26.8304_-69.1954.npy,-26.830391,-69.19543,salar_maricunga,0.1652,0.1129,media
-26.9481_-69.1944.npy,-26.948131,-69.194418,salar_maricunga,0.2084,0.1054,alta
-26.8400_-69.1974.npy,-26.840026,-69.197375,salar_maricunga,0.2019,0.0706,alta
-26.8447_-69.1990.npy,-26.844734,-69.199018,salar_maricunga,0.1373,0.102,media
-26.9960_-69.1993.npy,-26.99596,-69.199284,salar_maricunga,0.1779,0.1349,media
-26.9407_-69.1982.npy,-26.940718,-69.198241,salar_maricunga,0.2056,0.1053,alta
-26.9455_-69.1991.npy,-26.945486,-69.199096,salar_maricunga,0.1875,0.0998,media
-26.9487_-69.1996.npy,-26.948657,-69.199611,salar_maricunga,0.1817,0.0942,media
-26.9419_-69.1993.npy,-26.941877,-69.199327,salar_maricunga,0.1927,0.0964,media
-26.9823_-69.1992.npy,-26.98232,-69.199197,salar_maricunga,0.193,0.1134,media
-27.0022_-69.1954.npy,-27.002214,-69.19538,salar_maricunga,0.2012,0.1047,alta
-26.3244_-69.0234.npy,-26.324361,-69.023357,salar_pedernales,0.1795,0.1447,media
-26.2886_-69.1905.npy,-26.288611,-69.19047,salar_pedernales,0.178,0.1609,media
-26.1126_-69.0575.npy,-26.112623,-69.057489,salar_pedernales,0.1515,0.1712,media
-26.1078_-69.1829.npy,-26.107779,-69.18293,salar_pedernales,0.2022,0.0982,alta
-26.2676_-69.2385.npy,-26.267614,-69.238508,salar_pedernales,0.1402,0.1285,media
-26.2667_-69.2436.npy,-26.266724,-69.243554,salar_pedernales,0.1598,0.1329,media
-26.3901_-69.3182.npy,-26.390099,-69.318232,salar_pedernales,0.1772,0.0982,media
-26.2674_-69.3200.npy,-26.267417,-69.319983,salar_pedernales,0.1828,0.1318,media
-26.3048_-69.3341.npy,-26.304829,-69.334126,salar_pedernales,0.1579,0.0951,media
-26.3360_-69.3375.npy,-26.33604,-69.337527,salar_pedernales,0.1799,0.2077,media
-26.2578_-69.3394.npy,-26.25776,-69.33945,salar_pedernales,0.1682,0.0768,media
-26.3979_-69.3422.npy,-26.397921,-69.342227,salar_pedernales,0.183,0.1437,media
-26.3154_-69.3453.npy,-26.315373,-69.345339,salar_pedernales,0.1576,0.1142,media
-26.3327_-69.3459.npy,-26.33266,-69.345905,salar_pedernales,0.1686,0.1211,media
-26.3156_-69.3478.npy,-26.315617,-69.347776,salar_pedernales,0.1847,0.1012,media
-26.3268_-69.3492.npy,-26.326801,-69.349211,salar_pedernales,0.1561,0.0961,media
-26.3324_-69.3491.npy,-26.332368,-69.349106,salar_pedernales,0.1654,0.095,media
-26.2561_-69.3533.npy,-26.256118,-69.353326,salar_pedernales,0.1797,0.0869,media
-26.3919_-69.3572.npy,-26.39192,-69.357213,salar_pedernales,0.1556,0.0957,media
-26.3507_-69.3703.npy,-26.350663,-69.370259,salar_pedernales,0.1474,0.11,media
-26.3652_-69.3647.npy,-26.365228,-69.364676,salar_pedernales,0.1549,0.1103,media
-26.3649_-69.3743.npy,-26.364931,-69.374307,salar_pedernales,0.1842,0.0813,media
-26.3995_-69.3766.npy,-26.399476,-69.376583,salar_pedernales,0.167,0.132,media
-26.3921_-69.3805.npy,-26.392075,-69.380537,salar_pedernales,0.1524,0.1743,media
-26.3923_-69.3833.npy,-26.392341,-69.383285,salar_pedernales,0.17,0.1712,media
-26.3938_-69.3874.npy,-26.393813,-69.387363,salar_pedernales,0.1857,0.134,media
-26.3975_-69.3962.npy,-26.397459,-69.396244,salar_pedernales,0.1625,0.1124,media
-26.3934_-69.3894.npy,-26.393411,-69.389444,salar_pedernales,0.1379,0.1263,media
-26.3942_-69.3972.npy,-26.394213,-69.397225,salar_pedernales,0.1716,0.1174,media
-26.3706_-69.3978.npy,-26.370564,-69.397761,salar_pedernales,0.1709,0.1098,media
-24.7725_-68.4124.npy,-24.772464,-68.412447,salar_punta_negra,0.1883,0.1001,media
-24.6334_-68.4270.npy,-24.633356,-68.426962,salar_punta_negra,0.1919,0.0932,media
-24.6745_-68.4275.npy,-24.674546,-68.427458,salar_punta_negra,0.1608,0.0869,media
-24.7700_-68.4232.npy,-24.770034,-68.423158,salar_punta_negra,0.2017,0.1064,alta
-24.6358_-68.4318.npy,-24.635825,-68.431832,salar_punta_negra,0.2118,0.1,alta
-24.7752_-68.4309.npy,-24.775241,-68.430943,salar_punta_negra,0.1928,0.0695,media
-24.7764_-68.4332.npy,-24.776363,-68.433223,salar_punta_negra,0.1917,0.1,media
-24.6772_-68.4312.npy,-24.67724,-68.431191,salar_punta_negra,0.1909,0.1087,media
-24.7797_-68.4363.npy,-24.779668,-68.436272,salar_punta_negra,0.2304,0.0984,alta
-24.6130_-68.4373.npy,-24.613048,-68.437311,salar_punta_negra,0.158,0.0781,media
-24.6826_-68.4416.npy,-24.68264,-68.441592,salar_punta_negra,0.1924,0.0923,media
-24.6299_-68.4512.npy,-24.629895,-68.451188,salar_punta_negra,0.1877,0.0951,media
-24.5063_-68.4585.npy,-24.506308,-68.458503,salar_punta_negra,0.1779,0.0873,media
-24.6286_-68.4627.npy,-24.628641,-68.462708,salar_punta_negra,0.1751,0.0605,media
-24.5942_-68.4704.npy,-24.594178,-68.470413,salar_punta_negra,0.1631,0.0851,media
-24.7276_-68.4809.npy,-24.727629,-68.480901,salar_punta_negra,0.2123,0.1075,alta
-24.6659_-68.4913.npy,-24.665913,-68.491302,salar_punta_negra,0.1519,0.0912,media
-24.5026_-68.4933.npy,-24.502621,-68.493265,salar_punta_negra,0.2332,0.0671,alta
-24.6832_-68.4954.npy,-24.68322,-68.495382,salar_punta_negra,0.1852,0.115,media
-24.6785_-68.4961.npy,-24.678462,-68.496085,salar_punta_negra,0.1865,0.0869,media
-24.5028_-68.4964.npy,-24.502846,-68.496374,salar_punta_negra,0.1803,0.0751,media
-24.5261_-68.4957.npy,-24.526086,-68.49569,salar_punta_negra,0.1762,0.0804,media
-24.5302_-68.5026.npy,-24.530242,-68.502582,salar_punta_negra,0.1851,0.0926,media
-24.5110_-68.5004.npy,-24.511005,-68.500447,salar_punta_negra,0.2394,0.0946,alta
-24.5186_-68.4992.npy,-24.518599,-68.49918,salar_punta_negra,0.2373,0.0894,alta
-24.5128_-68.5056.npy,-24.51278,-68.505582,salar_punta_negra,0.1926,0.0797,media
-24.6237_-68.5030.npy,-24.623657,-68.502999,salar_punta_negra,0.1723,0.0836,media
-24.5188_-68.5042.npy,-24.518815,-68.50423,salar_punta_negra,0.193,0.0649,media
-24.6718_-68.5099.npy,-24.671784,-68.509906,salar_punta_negra,0.2245,0.076,alta
-24.6268_-68.5060.npy,-24.626797,-68.506026,salar_punta_negra,0.1697,0.0631,media
-24.6307_-68.5091.npy,-24.630705,-68.509057,salar_punta_negra,0.1719,0.0832,media
-24.6280_-68.5098.npy,-24.62803,-68.50981,salar_punta_negra,0.2112,0.0824,alta
-24.6771_-68.5106.npy,-24.677149,-68.510628,salar_punta_negra,0.1651,0.0858,media
-24.6258_-68.5105.npy,-24.625779,-68.510481,salar_punta_negra,0.1889,0.0865,media
-24.5210_-68.5128.npy,-24.521024,-68.512805,salar_punta_negra,0.165,0.0795,media
-24.6803_-68.5143.npy,-24.680338,-68.514344,salar_punta_negra,0.1952,0.083,media
-24.6769_-68.5164.npy,-24.676884,-68.516354,salar_punta_negra,0.1837,0.0659,media
-24.6854_-68.5170.npy,-24.685401,-68.517025,salar_punta_negra,0.2534,0.1021,alta
-24.6767_-68.5219.npy,-24.676701,-68.521931,salar_punta_negra,0.179,0.0652,media
-24.6816_-68.5248.npy,-24.681576,-68.524823,salar_punta_negra,0.2038,0.0848,alta
-24.6822_-68.5294.npy,-24.682244,-68.529357,salar_punta_negra,0.2013,0.2168,alta
-24.6870_-68.5274.npy,-24.687001,-68.527424,salar_punta_negra,0.1973,0.2169,media
-24.6804_-68.5380.npy,-24.680358,-68.538001,salar_punta_negra,0.1916,0.2106,media
-24.6762_-68.5392.npy,-24.676229,-68.539156,salar_punta_negra,0.2135,0.0813,alta
-24.6640_-68.5413.npy,-24.664016,-68.541326,salar_punta_negra,0.2548,0.0814,alta
-24.6670_-68.5447.npy,-24.667037,-68.54471,salar_punta_negra,0.2129,0.0887,alta
-24.6765_-68.5466.npy,-24.676509,-68.546584,salar_punta_negra,0.1691,0.0661,media
-24.6635_-68.5577.npy,-24.663537,-68.557708,salar_punta_negra,0.1805,0.0958,media
-24.6681_-68.5550.npy,-24.66809,-68.555041,salar_punta_negra,0.1609,0.0702,media
-24.6575_-68.5648.npy,-24.657471,-68.564822,salar_punta_negra,0.2567,0.076,alta
-24.6770_-68.5670.npy,-24.676978,-68.567007,salar_punta_negra,0.2039,0.1057,alta
-24.7287_-68.5800.npy,-24.728712,-68.579983,salar_punta_negra,0.1989,0.1033,media
-24.7050_-68.5791.npy,-24.70501,-68.579104,salar_punta_negra,0.2108,0.1232,alta
-24.7791_-68.5849.npy,-24.779065,-68.584913,salar_punta_negra,0.1794,0.0691,media
-24.7234_-68.5891.npy,-24.723375,-68.589069,salar_punta_negra,0.2095,0.0767,alta
-24.6764_-68.5866.npy,-24.676441,-68.586643,salar_punta_negra,0.173,0.0908,media
-24.5132_-68.5870.npy,-24.513161,-68.587023,salar_punta_negra,0.1914,0.0479,media
-24.5226_-68.5881.npy,-24.522598,-68.588099,salar_punta_negra,0.1764,0.0608,media
-24.7055_-68.5883.npy,-24.705453,-68.588281,salar_punta_negra,0.2076,0.0898,alta
-24.7907_-68.5903.npy,-24.79067,-68.590251,salar_punta_negra,0.1379,0.0828,media
-24.7047_-68.5919.npy,-24.70474,-68.591851,salar_punta_negra,0.1662,0.0843,media
-24.7594_-68.5935.npy,-24.759406,-68.593499,salar_punta_negra,0.1981,0.1066,media
-24.7265_-68.5932.npy,-24.726515,-68.59323,salar_punta_negra,0.1972,0.0921,media
-24.7126_-68.5960.npy,-24.712621,-68.59602,salar_punta_negra,0.1653,0.0976,media
-24.7695_-68.5969.npy,-24.769514,-68.596858,salar_punta_negra,0.1908,0.0889,media
-24.7534_-68.6007.npy,-24.753373,-68.60074,salar_punta_negra,0.1867,0.0949,media
-24.7119_-68.6048.npy,-24.711905,-68.6048,salar_punta_negra,0.1405,0.0915,media
-24.7270_-68.6072.npy,-24.727017,-68.607213,salar_punta_negra,0.2006,0.084,alta
-24.7709_-68.6086.npy,-24.770851,-68.608574,salar_punta_negra,0.1807,0.0825,media
-24.7522_-68.6074.npy,-24.752218,-68.607442,salar_punta_negra,0.1643,0.0885,media
-24.7054_-68.6078.npy,-24.705414,-68.607752,salar_punta_negra,0.2316,0.0819,alta
-24.7732_-68.6087.npy,-24.773205,-68.608698,salar_punta_negra,0.18,0.0758,media
-24.7021_-68.6135.npy,-24.702112,-68.6135,salar_punta_negra,0.197,0.0975,media
-24.6247_-68.6284.npy,-24.62474,-68.628356,salar_punta_negra,0.1487,0.0788,media
-24.6251_-68.6315.npy,-24.625129,-68.631474,salar_punta_negra,0.1606,0.0769,media
-24.7774_-68.6303.npy,-24.777372,-68.630281,salar_punta_negra,0.1961,0.0816,media
-24.7814_-68.6324.npy,-24.781406,-68.632407,salar_punta_negra,0.1932,0.064,media
-24.7545_-68.6394.npy,-24.754528,-68.639422,salar_punta_negra,0.1935,0.1006,media
-24.7579_-68.6434.npy,-24.757948,-68.643385,salar_punta_negra,0.2143,0.072,alta
-24.7289_-68.6467.npy,-24.728931,-68.646728,salar_punta_negra,0.234,0.075,alta
-24.7554_-68.6442.npy,-24.755359,-68.64421,salar_punta_negra,0.1924,0.0666,media
-24.7340_-68.6523.npy,-24.734013,-68.652278,salar_punta_negra,0.1621,0.0863,media
-24.7186_-68.6562.npy,-24.718594,-68.656247,salar_punta_negra,0.2187,0.0754,alta
-24.7754_-68.6549.npy,-24.775378,-68.654906,salar_punta_negra,0.1513,0.0882,media
-24.7215_-68.6588.npy,-24.721457,-68.65876,salar_punta_negra,0.1766,0.0835,media
-24.7716_-68.6600.npy,-24.771644,-68.659974,salar_punta_negra,0.2435,0.0738,alta
-24.7155_-68.6642.npy,-24.715456,-68.664166,salar_punta_negra,0.1809,0.0701,media
-26.1117_-67.4034.npy,-26.111708,-67.403392,salar_aguilar,0.2153,0.2309,alta
-26.1032_-67.4289.npy,-26.10318,-67.42887,salar_aguilar,0.1985,0.1307,media
